month,rank,char,play_rate
202502,36,RYU,7.464
202502,36,LUKE,4.844
202502,36,KIMBERLY,1.866
202502,36,CHUN-LI,2.101
202502,36,MANON,2.828
202502,36,ZANGIEF,4.808
202502,36,JP,3.129
202502,36,DHALSIM,1.037
202502,36,CAMMY,4.255
202502,36,KEN,7.646
202502,36,DEE JAY,3.261
202502,36,LILY,1.114
202502,36,A.K.I.,2.756
202502,36,RASHID,1.85
202502,36,BLANKA,1.503
202502,36,JURI,5.323
202502,36,MARISA,3.167
202502,36,GUILE,2.065
202502,36,ED,3.67
202502,36,E. HONDA,1.546
202502,36,JAMIE,4.686
202502,36,AKUMA,10.309
202502,36,M. BISON,4.157
202502,36,TERRY,3.145
202502,36,MAI,11.47
202502,40,RYU,5.17
202502,40,LUKE,4.853
202502,40,KIMBERLY,3.083
202502,40,CHUN-LI,2.219
202502,40,MANON,2.967
202502,40,ZANGIEF,4.291
202502,40,JP,4.477
202502,40,DHALSIM,1.845
202502,40,CAMMY,4.174
202502,40,KEN,6.668
202502,40,DEE JAY,3.977
202502,40,LILY,1.508
202502,40,A.K.I.,3.357
202502,40,RASHID,2.465
202502,40,BLANKA,1.968
202502,40,JURI,4.986
202502,40,MARISA,3.295
202502,40,GUILE,2.402
202502,40,ED,3.103
202502,40,E. HONDA,2.637
202502,40,JAMIE,4.091
202502,40,AKUMA,7.402
202502,40,M. BISON,4.574
202502,40,TERRY,2.78
202502,40,MAI,11.708
202502,41,RYU,4.202
202502,41,LUKE,4.678
202502,41,KIMBERLY,3.818
202502,41,CHUN-LI,2.516
202502,41,MANON,2.659
202502,41,ZANGIEF,4.328
202502,41,JP,5.057
202502,41,DHALSIM,2.179
202502,41,CAMMY,4.707
202502,41,KEN,6.306
202502,41,DEE JAY,4.624
202502,41,LILY,1.628
202502,41,A.K.I.,3.292
202502,41,RASHID,2.754
202502,41,BLANKA,2.739
202502,41,JURI,5.118
202502,41,MARISA,3.587
202502,41,GUILE,2.164
202502,41,ED,3.156
202502,41,E. HONDA,2.947
202502,41,JAMIE,3.825
202502,41,AKUMA,6.913
202502,41,M. BISON,4.679
202502,41,TERRY,2.649
202502,41,MAI,9.476
202502,42,RYU,3.588
202502,42,LUKE,4.458
202502,42,KIMBERLY,3.715
202502,42,CHUN-LI,2.654
202502,42,MANON,3.421
202502,42,ZANGIEF,4.489
202502,42,JP,5.514
202502,42,DHALSIM,2.623
202502,42,CAMMY,4.803
202502,42,KEN,6.15
202502,42,DEE JAY,5.047
202502,42,LILY,1.87
202502,42,A.K.I.,3.626
202502,42,RASHID,3.043
202502,42,BLANKA,3.346
202502,42,JURI,5.176
202502,42,MARISA,3.236
202502,42,GUILE,2.264
202502,42,ED,3.4
202502,42,E. HONDA,3.435
202502,42,JAMIE,3.588
202502,42,AKUMA,6.251
202502,42,M. BISON,5.42
202502,42,TERRY,2.614
202502,42,MAI,6.269
202503,36,RYU,8.703
202503,36,LUKE,4.507
202503,36,KIMBERLY,1.757
202503,36,CHUN-LI,2.066
202503,36,MANON,2.497
202503,36,ZANGIEF,4.666
202503,36,JP,4.048
202503,36,DHALSIM,0.836
202503,36,CAMMY,4.625
202503,36,KEN,8.011
202503,36,DEE JAY,3.272
202503,36,LILY,0.996
202503,36,A.K.I.,2.421
202503,36,RASHID,1.899
202503,36,BLANKA,1.352
202503,36,JURI,5.526
202503,36,MARISA,2.997
202503,36,GUILE,1.927
202503,36,ED,3.757
202503,36,E. HONDA,1.28
202503,36,JAMIE,4.264
202503,36,AKUMA,12.458
202503,36,M. BISON,4.067
202503,36,TERRY,3.283
202503,36,MAI,8.785
202503,40,RYU,6.518
202503,40,LUKE,4.605
202503,40,KIMBERLY,2.981
202503,40,CHUN-LI,2.159
202503,40,MANON,2.859
202503,40,ZANGIEF,3.937
202503,40,JP,5.595
202503,40,DHALSIM,1.603
202503,40,CAMMY,4.448
202503,40,KEN,7.327
202503,40,DEE JAY,4.073
202503,40,LILY,1.365
202503,40,A.K.I.,3.131
202503,40,RASHID,2.553
202503,40,BLANKA,1.681
202503,40,JURI,5.439
202503,40,MARISA,3.083
202503,40,GUILE,2.292
202503,40,ED,3.372
202503,40,E. HONDA,2.382
202503,40,JAMIE,3.96
202503,40,AKUMA,9.041
202503,40,M. BISON,4.454
202503,40,TERRY,2.92
202503,40,MAI,8.219
202503,41,RYU,5.362
202503,41,LUKE,4.677
202503,41,KIMBERLY,3.716
202503,41,CHUN-LI,2.052
202503,41,MANON,2.86
202503,41,ZANGIEF,4.15
202503,41,JP,5.714
202503,41,DHALSIM,1.97
202503,41,CAMMY,5.016
202503,41,KEN,6.649
202503,41,DEE JAY,4.174
202503,41,LILY,1.475
202503,41,A.K.I.,3.429
202503,41,RASHID,2.608
202503,41,BLANKA,2.156
202503,41,JURI,5.586
202503,41,MARISA,3.421
202503,41,GUILE,2.299
202503,41,ED,3.269
202503,41,E. HONDA,2.596
202503,41,JAMIE,3.669
202503,41,AKUMA,8.289
202503,41,M. BISON,4.581
202503,41,TERRY,2.589
202503,41,MAI,7.693
202503,42,RYU,3.499
202503,42,LUKE,4.114
202503,42,KIMBERLY,3.711
202503,42,CHUN-LI,2.675
202503,42,MANON,2.765
202503,42,ZANGIEF,4.598
202503,42,JP,6.468
202503,42,DHALSIM,2.282
202503,42,CAMMY,5.05
202503,42,KEN,6.345
202503,42,DEE JAY,4.597
202503,42,LILY,2.117
202503,42,A.K.I.,3.212
202503,42,RASHID,3.172
202503,42,BLANKA,3.274
202503,42,JURI,4.757
202503,42,MARISA,3.503
202503,42,GUILE,1.849
202503,42,ED,3.276
202503,42,E. HONDA,3.072
202503,42,JAMIE,3.014
202503,42,AKUMA,6.578
202503,42,M. BISON,4.931
202503,42,TERRY,2.677
202503,42,MAI,8.464
202504,36,RYU,9.525
202504,36,LUKE,4.468
202504,36,KIMBERLY,1.784
202504,36,CHUN-LI,2.035
202504,36,MANON,3.001
202504,36,ZANGIEF,4.64
202504,36,JP,3.986
202504,36,DHALSIM,0.811
202504,36,CAMMY,4.68
202504,36,KEN,7.565
202504,36,DEE JAY,3.054
202504,36,LILY,1.022
202504,36,A.K.I.,2.524
202504,36,RASHID,2.04
202504,36,BLANKA,1.246
202504,36,JURI,6.278
202504,36,MARISA,3.145
202504,36,GUILE,1.921
202504,36,ED,3.659
202504,36,E. HONDA,1.262
202504,36,JAMIE,5.041
202504,36,AKUMA,12.571
202504,36,M. BISON,4.27
202504,36,TERRY,3.222
202504,36,MAI,6.247
202504,40,RYU,6.982
202504,40,LUKE,4.752
202504,40,KIMBERLY,2.632
202504,40,CHUN-LI,2.275
202504,40,MANON,3.171
202504,40,ZANGIEF,4.016
202504,40,JP,5.219
202504,40,DHALSIM,1.343
202504,40,CAMMY,4.764
202504,40,KEN,7.177
202504,40,DEE JAY,3.947
202504,40,LILY,1.304
202504,40,A.K.I.,3.426
202504,40,RASHID,2.739
202504,40,BLANKA,1.681
202504,40,JURI,6.127
202504,40,MARISA,3.237
202504,40,GUILE,2.289
202504,40,ED,3.279
202504,40,E. HONDA,2.071
202504,40,JAMIE,4.724
202504,40,AKUMA,8.946
202504,40,M. BISON,4.763
202504,40,TERRY,3.293
202504,40,MAI,5.846
202504,41,RYU,5.839
202504,41,LUKE,4.798
202504,41,KIMBERLY,3.406
202504,41,CHUN-LI,2.2
202504,41,MANON,3.298
202504,41,ZANGIEF,4.203
202504,41,JP,5.496
202504,41,DHALSIM,1.77
202504,41,CAMMY,4.567
202504,41,KEN,6.499
202504,41,DEE JAY,4.472
202504,41,LILY,1.662
202504,41,A.K.I.,3.64
202504,41,RASHID,2.868
202504,41,BLANKA,1.989
202504,41,JURI,6.043
202504,41,MARISA,3.554
202504,41,GUILE,2.182
202504,41,ED,3.321
202504,41,E. HONDA,2.537
202504,41,JAMIE,4.506
202504,41,AKUMA,7.854
202504,41,M. BISON,4.765
202504,41,TERRY,3.083
202504,41,MAI,5.449
202504,42,RYU,3.961
202504,42,LUKE,4.488
202504,42,KIMBERLY,3.873
202504,42,CHUN-LI,2.405
202504,42,MANON,3.057
202504,42,ZANGIEF,4.447
202504,42,JP,5.936
202504,42,DHALSIM,2.253
202504,42,CAMMY,4.665
202504,42,KEN,6.147
202504,42,DEE JAY,4.813
202504,42,LILY,1.93
202504,42,A.K.I.,3.736
202504,42,RASHID,3.245
202504,42,BLANKA,3.281
202504,42,JURI,5.712
202504,42,MARISA,3.496
202504,42,GUILE,2.211
202504,42,ED,3.135
202504,42,E. HONDA,2.992
202504,42,JAMIE,3.742
202504,42,AKUMA,6.773
202504,42,M. BISON,5.411
202504,42,TERRY,2.321
202504,42,MAI,5.972
202505,36,RYU,9.177
202505,36,LUKE,4.487
202505,36,KIMBERLY,1.821
202505,36,CHUN-LI,2.011
202505,36,MANON,3.353
202505,36,ZANGIEF,5.074
202505,36,JP,3.654
202505,36,DHALSIM,0.914
202505,36,CAMMY,4.812
202505,36,KEN,7.758
202505,36,DEE JAY,3.003
202505,36,LILY,1.183
202505,36,A.K.I.,2.855
202505,36,RASHID,1.865
202505,36,BLANKA,1.405
202505,36,JURI,5.983
202505,36,MARISA,3.22
202505,36,GUILE,1.878
202505,36,ED,3.838
202505,36,E. HONDA,1.44
202505,36,JAMIE,5.194
202505,36,AKUMA,12.236
202505,36,M. BISON,4.542
202505,36,TERRY,3.311
202505,36,MAI,4.987
202505,40,RYU,6.368
202505,40,LUKE,4.679
202505,40,KIMBERLY,3.046
202505,40,CHUN-LI,2.437
202505,40,MANON,3.357
202505,40,ZANGIEF,4.071
202505,40,JP,4.992
202505,40,DHALSIM,1.776
202505,40,CAMMY,4.84
202505,40,KEN,7.015
202505,40,DEE JAY,3.925
202505,40,LILY,1.535
202505,40,A.K.I.,3.91
202505,40,RASHID,2.728
202505,40,BLANKA,2.038
202505,40,JURI,5.805
202505,40,MARISA,3.55
202505,40,GUILE,2.232
202505,40,ED,3.543
202505,40,E. HONDA,2.356
202505,40,JAMIE,4.548
202505,40,AKUMA,8.056
202505,40,M. BISON,5.171
202505,40,TERRY,3.171
202505,40,MAI,4.85
202505,41,RYU,5.186
202505,41,LUKE,4.511
202505,41,KIMBERLY,3.748
202505,41,CHUN-LI,2.392
202505,41,MANON,3.082
202505,41,ZANGIEF,4.028
202505,41,JP,5.579
202505,41,DHALSIM,2.104
202505,41,CAMMY,4.797
202505,41,KEN,6.484
202505,41,DEE JAY,4.405
202505,41,LILY,1.755
202505,41,A.K.I.,3.965
202505,41,RASHID,2.891
202505,41,BLANKA,2.773
202505,41,JURI,5.546
202505,41,MARISA,4.056
202505,41,GUILE,2.216
202505,41,ED,3.427
202505,41,E. HONDA,2.847
202505,41,JAMIE,4.297
202505,41,AKUMA,7.264
202505,41,M. BISON,5.02
202505,41,TERRY,2.934
202505,41,MAI,4.695
202505,42,RYU,3.945
202505,42,LUKE,4.043
202505,42,KIMBERLY,3.945
202505,42,CHUN-LI,2.376
202505,42,MANON,3.046
202505,42,ZANGIEF,5.026
202505,42,JP,5.786
202505,42,DHALSIM,2.433
202505,42,CAMMY,5.189
202505,42,KEN,6.272
202505,42,DEE JAY,4.531
202505,42,LILY,2.161
202505,42,A.K.I.,3.316
202505,42,RASHID,3.458
202505,42,BLANKA,3.746
202505,42,JURI,5.086
202505,42,MARISA,3.771
202505,42,GUILE,2.074
202505,42,ED,3.118
202505,42,E. HONDA,3.535
202505,42,JAMIE,3.716
202505,42,AKUMA,6.317
202505,42,M. BISON,5.918
202505,42,TERRY,2.146
202505,42,MAI,5.044
202506,36,RYU,11.585
202506,36,LUKE,5.274
202506,36,KIMBERLY,1.525
202506,36,CHUN-LI,2.508
202506,36,MANON,2.905
202506,36,ZANGIEF,5.404
202506,36,JP,3.273
202506,36,DHALSIM,0.968
202506,36,CAMMY,3.99
202506,36,KEN,5.855
202506,36,DEE JAY,2.717
202506,36,LILY,0.97
202506,36,A.K.I.,2.594
202506,36,RASHID,1.524
202506,36,BLANKA,1.238
202506,36,JURI,4.891
202506,36,MARISA,3.5
202506,36,GUILE,1.771
202506,36,ED,3.234
202506,36,E. HONDA,1.163
202506,36,JAMIE,5.689
202506,36,AKUMA,9.661
202506,36,M. BISON,4.206
202506,36,TERRY,4.005
202506,36,MAI,5.08
202506,36,ELENA,4.472
202506,40,RYU,8.555
202506,40,LUKE,6.013
202506,40,KIMBERLY,2.433
202506,40,CHUN-LI,2.863
202506,40,MANON,2.868
202506,40,ZANGIEF,3.69
202506,40,JP,4.647
202506,40,DHALSIM,1.676
202506,40,CAMMY,3.933
202506,40,KEN,5.451
202506,40,DEE JAY,3.63
202506,40,LILY,1.277
202506,40,A.K.I.,3.385
202506,40,RASHID,2.04
202506,40,BLANKA,1.727
202506,40,JURI,4.723
202506,40,MARISA,4.011
202506,40,GUILE,1.92
202506,40,ED,3.002
202506,40,E. HONDA,1.917
202506,40,JAMIE,5.055
202506,40,AKUMA,6.677
202506,40,M. BISON,4.648
202506,40,TERRY,4.153
202506,40,MAI,4.673
202506,40,ELENA,5.035
202506,41,RYU,7.206
202506,41,LUKE,5.818
202506,41,KIMBERLY,3.265
202506,41,CHUN-LI,2.82
202506,41,MANON,2.811
202506,41,ZANGIEF,3.522
202506,41,JP,4.931
202506,41,DHALSIM,2.18
202506,41,CAMMY,3.971
202506,41,KEN,5.093
202506,41,DEE JAY,4.114
202506,41,LILY,1.571
202506,41,A.K.I.,3.609
202506,41,RASHID,2.3
202506,41,BLANKA,2.256
202506,41,JURI,4.793
202506,41,MARISA,4.449
202506,41,GUILE,2.107
202506,41,ED,2.912
202506,41,E. HONDA,2.437
202506,41,JAMIE,4.831
202506,41,AKUMA,5.935
202506,41,M. BISON,4.824
202506,41,TERRY,3.826
202506,41,MAI,4.297
202506,41,ELENA,4.119
202506,42,RYU,5.966
202506,42,LUKE,5.258
202506,42,KIMBERLY,3.96
202506,42,CHUN-LI,3.239
202506,42,MANON,2.544
202506,42,ZANGIEF,3.429
202506,42,JP,5.878
202506,42,DHALSIM,2.489
202506,42,CAMMY,4.419
202506,42,KEN,4.736
202506,42,DEE JAY,4.958
202506,42,LILY,1.832
202506,42,A.K.I.,3.191
202506,42,RASHID,2.851
202506,42,BLANKA,3.549
202506,42,JURI,4.651
202506,42,MARISA,4.67
202506,42,GUILE,2.091
202506,42,ED,2.859
202506,42,E. HONDA,3.037
202506,42,JAMIE,4.126
202506,42,AKUMA,4.993
202506,42,M. BISON,4.964
202506,42,TERRY,2.941
202506,42,MAI,4.299
202506,42,ELENA,3.068
202507,36,RYU,10.464
202507,36,LUKE,4.72
202507,36,KIMBERLY,1.549
202507,36,CHUN-LI,2.433
202507,36,MANON,3.387
202507,36,ZANGIEF,4.724
202507,36,JP,3.589
202507,36,DHALSIM,1.025
202507,36,CAMMY,4.23
202507,36,KEN,5.93
202507,36,DEE JAY,2.947
202507,36,LILY,0.907
202507,36,A.K.I.,2.746
202507,36,RASHID,1.54
202507,36,BLANKA,1.182
202507,36,JURI,5.532
202507,36,MARISA,3.69
202507,36,GUILE,1.895
202507,36,ED,3.473
202507,36,E. HONDA,1.207
202507,36,JAMIE,5.26
202507,36,AKUMA,10.728
202507,36,M. BISON,4.309
202507,36,TERRY,4.381
202507,36,MAI,4.713
202507,36,ELENA,3.438
202507,40,RYU,7.764
202507,40,LUKE,5.403
202507,40,KIMBERLY,2.371
202507,40,CHUN-LI,2.814
202507,40,MANON,3.244
202507,40,ZANGIEF,3.201
202507,40,JP,4.893
202507,40,DHALSIM,1.518
202507,40,CAMMY,4.23
202507,40,KEN,5.94
202507,40,DEE JAY,3.712
202507,40,LILY,1.201
202507,40,A.K.I.,3.414
202507,40,RASHID,1.984
202507,40,BLANKA,1.622
202507,40,JURI,5.302
202507,40,MARISA,4.14
202507,40,GUILE,1.951
202507,40,ED,2.998
202507,40,E. HONDA,1.92
202507,40,JAMIE,5.074
202507,40,AKUMA,7.731
202507,40,M. BISON,4.774
202507,40,TERRY,4.541
202507,40,MAI,4.646
202507,40,ELENA,3.612
202507,41,RYU,6.435
202507,41,LUKE,5.344
202507,41,KIMBERLY,3.063
202507,41,CHUN-LI,2.671
202507,41,MANON,3.161
202507,41,ZANGIEF,3.153
202507,41,JP,5.351
202507,41,DHALSIM,2.076
202507,41,CAMMY,4.186
202507,41,KEN,5.434
202507,41,DEE JAY,3.876
202507,41,LILY,1.317
202507,41,A.K.I.,3.622
202507,41,RASHID,2.503
202507,41,BLANKA,2.098
202507,41,JURI,5.329
202507,41,MARISA,4.528
202507,41,GUILE,2.075
202507,41,ED,2.998
202507,41,E. HONDA,2.24
202507,41,JAMIE,4.682
202507,41,AKUMA,6.453
202507,41,M. BISON,4.912
202507,41,TERRY,4.34
202507,41,MAI,4.577
202507,41,ELENA,3.576
202507,42,RYU,4.815
202507,42,LUKE,5.012
202507,42,KIMBERLY,3.757
202507,42,CHUN-LI,2.918
202507,42,MANON,2.764
202507,42,ZANGIEF,2.803
202507,42,JP,6.088
202507,42,DHALSIM,2.424
202507,42,CAMMY,4.347
202507,42,KEN,4.922
202507,42,DEE JAY,4.843
202507,42,LILY,1.619
202507,42,A.K.I.,3.484
202507,42,RASHID,2.794
202507,42,BLANKA,3.312
202507,42,JURI,5.048
202507,42,MARISA,4.504
202507,42,GUILE,2.039
202507,42,ED,3.013
202507,42,E. HONDA,2.806
202507,42,JAMIE,4.133
202507,42,AKUMA,5.822
202507,42,M. BISON,5.075
202507,42,TERRY,3.602
202507,42,MAI,4.881
202507,42,ELENA,3.174
202508,36,RYU,8.174
202508,36,LUKE,4.568
202508,36,KIMBERLY,1.772
202508,36,CHUN-LI,2.684
202508,36,MANON,3.355
202508,36,ZANGIEF,4.006
202508,36,JP,3.469
202508,36,DHALSIM,0.902
202508,36,CAMMY,4.798
202508,36,KEN,5.662
202508,36,DEE JAY,2.762
202508,36,LILY,0.869
202508,36,A.K.I.,2.88
202508,36,RASHID,1.427
202508,36,BLANKA,1.279
202508,36,JURI,4.864
202508,36,MARISA,3.091
202508,36,GUILE,1.667
202508,36,ED,3.483
202508,36,E. HONDA,1.133
202508,36,JAMIE,4.537
202508,36,AKUMA,9.129
202508,36,SAGAT,8.807
202508,36,M. BISON,3.802
202508,36,TERRY,4.003
202508,36,MAI,4.516
202508,36,ELENA,2.361
202508,40,RYU,5.419
202508,40,LUKE,5.121
202508,40,KIMBERLY,2.92
202508,40,CHUN-LI,2.891
202508,40,MANON,2.868
202508,40,ZANGIEF,2.802
202508,40,JP,4.587
202508,40,DHALSIM,1.758
202508,40,CAMMY,4.519
202508,40,KEN,5.104
202508,40,DEE JAY,3.655
202508,40,LILY,1.179
202508,40,A.K.I.,3.668
202508,40,RASHID,2.178
202508,40,BLANKA,2.078
202508,40,JURI,4.547
202508,40,MARISA,3.547
202508,40,GUILE,1.996
202508,40,ED,3.176
202508,40,E. HONDA,2.003
202508,40,JAMIE,3.836
202508,40,AKUMA,6.041
202508,40,SAGAT,9.325
202508,40,M. BISON,4.304
202508,40,TERRY,3.704
202508,40,MAI,4.169
202508,40,ELENA,2.606
202508,41,RYU,4.722
202508,41,LUKE,4.488
202508,41,KIMBERLY,4.08
202508,41,CHUN-LI,2.959
202508,41,MANON,2.803
202508,41,ZANGIEF,2.482
202508,41,JP,4.862
202508,41,DHALSIM,2.169
202508,41,CAMMY,4.824
202508,41,KEN,4.641
202508,41,DEE JAY,4.072
202508,41,LILY,1.451
202508,41,A.K.I.,3.714
202508,41,RASHID,2.301
202508,41,BLANKA,2.817
202508,41,JURI,4.243
202508,41,MARISA,3.946
202508,41,GUILE,1.964
202508,41,ED,3.051
202508,41,E. HONDA,2.49
202508,41,JAMIE,3.453
202508,41,AKUMA,5.025
202508,41,SAGAT,8.366
202508,41,M. BISON,4.583
202508,41,TERRY,3.541
202508,41,MAI,4.158
202508,41,ELENA,2.797
202508,42,RYU,4.118
202508,42,LUKE,4.486
202508,42,KIMBERLY,4.443
202508,42,CHUN-LI,3.092
202508,42,MANON,2.631
202508,42,ZANGIEF,2.312
202508,42,JP,4.951
202508,42,DHALSIM,2.541
202508,42,CAMMY,5.276
202508,42,KEN,4.316
202508,42,DEE JAY,4.671
202508,42,LILY,1.875
202508,42,A.K.I.,2.703
202508,42,RASHID,2.946
202508,42,BLANKA,3.408
202508,42,JURI,4.205
202508,42,MARISA,4.205
202508,42,GUILE,1.934
202508,42,ED,3.451
202508,42,E. HONDA,2.843
202508,42,JAMIE,3.003
202508,42,AKUMA,4.268
202508,42,SAGAT,6.424
202508,42,M. BISON,4.733
202508,42,TERRY,2.983
202508,42,MAI,5.438
202508,42,ELENA,2.744
202509,36,RYU,9.284
202509,36,LUKE,4.174
202509,36,KIMBERLY,1.456
202509,36,CHUN-LI,2.483
202509,36,MANON,2.883
202509,36,ZANGIEF,4.052
202509,36,JP,3.314
202509,36,DHALSIM,0.798
202509,36,CAMMY,4.924
202509,36,KEN,6.193
202509,36,DEE JAY,2.518
202509,36,LILY,0.844
202509,36,A.K.I.,2.608
202509,36,RASHID,1.393
202509,36,BLANKA,1.303
202509,36,JURI,5.095
202509,36,MARISA,2.982
202509,36,GUILE,1.618
202509,36,ED,4.218
202509,36,E. HONDA,1.022
202509,36,JAMIE,4.59
202509,36,AKUMA,10.343
202509,36,SAGAT,6.89
202509,36,M. BISON,4.158
202509,36,TERRY,3.833
202509,36,MAI,4.74
202509,36,ELENA,2.286
202509,40,RYU,6.495
202509,40,LUKE,4.871
202509,40,KIMBERLY,2.358
202509,40,CHUN-LI,2.809
202509,40,MANON,2.806
202509,40,ZANGIEF,2.95
202509,40,JP,4.402
202509,40,DHALSIM,1.345
202509,40,CAMMY,4.895
202509,40,KEN,5.866
202509,40,DEE JAY,3.456
202509,40,LILY,1.1
202509,40,A.K.I.,3.321
202509,40,RASHID,2.131
202509,40,BLANKA,2.04
202509,40,JURI,5.047
202509,40,MARISA,3.446
202509,40,GUILE,1.862
202509,40,ED,3.632
202509,40,E. HONDA,1.76
202509,40,JAMIE,4.071
202509,40,AKUMA,6.908
202509,40,SAGAT,7.065
202509,40,M. BISON,4.8
202509,40,TERRY,3.751
202509,40,MAI,4.236
202509,40,ELENA,2.577
202509,41,RYU,5.545
202509,41,LUKE,4.632
202509,41,KIMBERLY,3.037
202509,41,CHUN-LI,2.767
202509,41,MANON,2.803
202509,41,ZANGIEF,2.775
202509,41,JP,4.924
202509,41,DHALSIM,1.745
202509,41,CAMMY,5.112
202509,41,KEN,5.383
202509,41,DEE JAY,3.797
202509,41,LILY,1.328
202509,41,A.K.I.,3.521
202509,41,RASHID,2.287
202509,41,BLANKA,2.607
202509,41,JURI,4.923
202509,41,MARISA,3.82
202509,41,GUILE,2.002
202509,41,ED,3.744
202509,41,E. HONDA,2.112
202509,41,JAMIE,3.667
202509,41,AKUMA,6.255
202509,41,SAGAT,6.438
202509,41,M. BISON,4.918
202509,41,TERRY,3.379
202509,41,MAI,3.98
202509,41,ELENA,2.497
202509,42,RYU,4.239
202509,42,LUKE,4.541
202509,42,KIMBERLY,3.899
202509,42,CHUN-LI,3.056
202509,42,MANON,2.489
202509,42,ZANGIEF,2.556
202509,42,JP,5.549
202509,42,DHALSIM,2.266
202509,42,CAMMY,4.764
202509,42,KEN,4.698
202509,42,DEE JAY,4.441
202509,42,LILY,1.954
202509,42,A.K.I.,2.806
202509,42,RASHID,2.704
202509,42,BLANKA,3.37
202509,42,JURI,4.669
202509,42,MARISA,4.354
202509,42,GUILE,2
202509,42,ED,3.575
202509,42,E. HONDA,2.64
202509,42,JAMIE,3.224
202509,42,AKUMA,4.883
202509,42,SAGAT,5.001
202509,42,M. BISON,5.257
202509,42,TERRY,3.061
202509,42,MAI,5.183
202509,42,ELENA,2.824
202510,36,RYU,9.946
202510,36,LUKE,3.935
202510,36,KIMBERLY,1.349
202510,36,CHUN-LI,2.209
202510,36,MANON,2.68
202510,36,ZANGIEF,5.028
202510,36,JP,3.29
202510,36,DHALSIM,0.805
202510,36,CAMMY,4.381
202510,36,KEN,6.074
202510,36,DEE JAY,2.39
202510,36,LILY,0.891
202510,36,A.K.I.,2.275
202510,36,RASHID,1.333
202510,36,BLANKA,1.236
202510,36,JURI,5.051
202510,36,MARISA,2.775
202510,36,GUILE,1.589
202510,36,ED,4.34
202510,36,E. HONDA,1.015
202510,36,JAMIE,4.417
202510,36,AKUMA,9.906
202510,36,SAGAT,4.678
202510,36,M. BISON,3.847
202510,36,TERRY,3.622
202510,36,MAI,4.423
202510,36,ELENA,2.198
202510,36,C. VIPER,4.315
202510,40,RYU,7.473
202510,40,LUKE,4.699
202510,40,KIMBERLY,2.237
202510,40,CHUN-LI,2.436
202510,40,MANON,2.753
202510,40,ZANGIEF,3.749
202510,40,JP,4.434
202510,40,DHALSIM,1.349
202510,40,CAMMY,4.18
202510,40,KEN,5.819
202510,40,DEE JAY,3.303
202510,40,LILY,1.063
202510,40,A.K.I.,2.945
202510,40,RASHID,1.925
202510,40,BLANKA,1.848
202510,40,JURI,4.805
202510,40,MARISA,3.232
202510,40,GUILE,1.744
202510,40,ED,3.567
202510,40,E. HONDA,1.639
202510,40,JAMIE,3.944
202510,40,AKUMA,6.798
202510,40,SAGAT,4.951
202510,40,M. BISON,4.488
202510,40,TERRY,3.486
202510,40,MAI,3.946
202510,40,ELENA,2.561
202510,40,C. VIPER,4.624
202510,41,RYU,6.126
202510,41,LUKE,4.711
202510,41,KIMBERLY,2.789
202510,41,CHUN-LI,2.558
202510,41,MANON,2.804
202510,41,ZANGIEF,3.536
202510,41,JP,4.872
202510,41,DHALSIM,1.646
202510,41,CAMMY,4.115
202510,41,KEN,5.287
202510,41,DEE JAY,3.895
202510,41,LILY,1.311
202510,41,A.K.I.,3.142
202510,41,RASHID,2.237
202510,41,BLANKA,2.411
202510,41,JURI,4.686
202510,41,MARISA,3.418
202510,41,GUILE,2.246
202510,41,ED,3.621
202510,41,E. HONDA,2.114
202510,41,JAMIE,3.631
202510,41,AKUMA,6.193
202510,41,SAGAT,4.57
202510,41,M. BISON,4.611
202510,41,TERRY,3.306
202510,41,MAI,3.611
202510,41,ELENA,2.695
202510,41,C. VIPER,3.858
202510,42,RYU,4.697
202510,42,LUKE,4.44
202510,42,KIMBERLY,3.762
202510,42,CHUN-LI,3.013
202510,42,MANON,2.774
202510,42,ZANGIEF,2.776
202510,42,JP,5.968
202510,42,DHALSIM,2.066
202510,42,CAMMY,4.442
202510,42,KEN,4.794
202510,42,DEE JAY,4.415
202510,42,LILY,1.979
202510,42,A.K.I.,2.882
202510,42,RASHID,2.776
202510,42,BLANKA,3.459
202510,42,JURI,4.529
202510,42,MARISA,4.185
202510,42,GUILE,2.277
202510,42,ED,3.454
202510,42,E. HONDA,2.742
202510,42,JAMIE,3.303
202510,42,AKUMA,4.59
202510,42,SAGAT,3.469
202510,42,M. BISON,5.066
202510,42,TERRY,2.878
202510,42,MAI,4.104
202510,42,ELENA,2.516
202510,42,C. VIPER,2.645
202511,36,RYU,9.943
202511,36,LUKE,4.166
202511,36,KIMBERLY,1.463
202511,36,CHUN-LI,2.09
202511,36,MANON,2.52
202511,36,ZANGIEF,4.623
202511,36,JP,3.647
202511,36,DHALSIM,0.925
202511,36,CAMMY,4.033
202511,36,KEN,6.026
202511,36,DEE JAY,2.48
202511,36,LILY,0.928
202511,36,A.K.I.,2.392
202511,36,RASHID,1.411
202511,36,BLANKA,1.515
202511,36,JURI,4.877
202511,36,MARISA,3.089
202511,36,GUILE,1.592
202511,36,ED,4.218
202511,36,E. HONDA,1.19
202511,36,JAMIE,4.459
202511,36,AKUMA,9.033
202511,36,SAGAT,4.472
202511,36,M. BISON,3.976
202511,36,TERRY,3.809
202511,36,MAI,4.244
202511,36,ELENA,2.149
202511,36,C. VIPER,4.727
202511,40,RYU,6.972
202511,40,LUKE,4.775
202511,40,KIMBERLY,2.706
202511,40,CHUN-LI,2.464
202511,40,MANON,2.605
202511,40,ZANGIEF,3.156
202511,40,JP,4.829
202511,40,DHALSIM,1.756
202511,40,CAMMY,3.905
202511,40,KEN,5.367
202511,40,DEE JAY,3.557
202511,40,LILY,1.189
202511,40,A.K.I.,3.092
202511,40,RASHID,2.078
202511,40,BLANKA,2.248
202511,40,JURI,4.581
202511,40,MARISA,3.659
202511,40,GUILE,2.088
202511,40,ED,3.495
202511,40,E. HONDA,2.123
202511,40,JAMIE,3.549
202511,40,AKUMA,5.76
202511,40,SAGAT,4.914
202511,40,M. BISON,4.576
202511,40,TERRY,3.636
202511,40,MAI,3.59
202511,40,ELENA,2.487
202511,40,C. VIPER,4.843
202511,41,RYU,5.641
202511,41,LUKE,4.362
202511,41,KIMBERLY,3.36
202511,41,CHUN-LI,2.753
202511,41,MANON,2.532
202511,41,ZANGIEF,2.776
202511,41,JP,5.554
202511,41,DHALSIM,2.236
202511,41,CAMMY,3.898
202511,41,KEN,4.631
202511,41,DEE JAY,4.057
202511,41,LILY,1.456
202511,41,A.K.I.,2.827
202511,41,RASHID,2.417
202511,41,BLANKA,3.394
202511,41,JURI,4.112
202511,41,MARISA,4.092
202511,41,GUILE,2.13
202511,41,ED,3.089
202511,41,E. HONDA,2.713
202511,41,JAMIE,3.555
202511,41,AKUMA,5.091
202511,41,SAGAT,4.455
202511,41,M. BISON,4.735
202511,41,TERRY,3.156
202511,41,MAI,3.676
202511,41,ELENA,2.608
202511,41,C. VIPER,4.694
202511,42,RYU,3.67
202511,42,LUKE,3.518
202511,42,KIMBERLY,3.67
202511,42,CHUN-LI,2.943
202511,42,MANON,2.57
202511,42,ZANGIEF,3.126
202511,42,JP,6.186
202511,42,DHALSIM,2.72
202511,42,CAMMY,4.414
202511,42,KEN,4.428
202511,42,DEE JAY,4.177
202511,42,LILY,2.279
202511,42,A.K.I.,2.545
202511,42,RASHID,2.955
202511,42,BLANKA,3.894
202511,42,JURI,4.047
202511,42,MARISA,4.213
202511,42,GUILE,2.294
202511,42,ED,3.54
202511,42,E. HONDA,2.742
202511,42,JAMIE,3.104
202511,42,AKUMA,3.936
202511,42,SAGAT,3.69
202511,42,M. BISON,5.005
202511,42,TERRY,2.997
202511,42,MAI,4.529
202511,42,ELENA,2.901
202511,42,C. VIPER,3.909
202512,36,RYU,9.684
202512,36,LUKE,4.02
202512,36,KIMBERLY,1.314
202512,36,CHUN-LI,1.892
202512,36,MANON,2.639
202512,36,ZANGIEF,4.533
202512,36,JP,3.702
202512,36,DHALSIM,0.79
202512,36,CAMMY,4.145
202512,36,KEN,6.055
202512,36,DEE JAY,2.464
202512,36,LILY,0.88
202512,36,A.K.I.,2.322
202512,36,RASHID,1.355
202512,36,BLANKA,1.56
202512,36,JURI,4.887
202512,36,MARISA,2.993
202512,36,GUILE,1.569
202512,36,ED,4.676
202512,36,E. HONDA,1.099
202512,36,JAMIE,4.528
202512,36,AKUMA,10.783
202512,36,SAGAT,5.527
202512,36,M. BISON,3.772
202512,36,TERRY,3.977
202512,36,MAI,4.089
202512,36,ELENA,2.226
202512,36,C. VIPER,2.521
202512,40,RYU,6.919
202512,40,LUKE,4.644
202512,40,KIMBERLY,2.294
202512,40,CHUN-LI,2.422
202512,40,MANON,2.59
202512,40,ZANGIEF,3.043
202512,40,JP,4.764
202512,40,DHALSIM,1.489
202512,40,CAMMY,3.958
202512,40,KEN,5.724
202512,40,DEE JAY,3.383
202512,40,LILY,1.062
202512,40,A.K.I.,3.051
202512,40,RASHID,2.036
202512,40,BLANKA,2.238
202512,40,JURI,4.883
202512,40,MARISA,3.27
202512,40,GUILE,1.779
202512,40,ED,4.008
202512,40,E. HONDA,1.777
202512,40,JAMIE,3.86
202512,40,AKUMA,7.068
202512,40,SAGAT,6.256
202512,40,M. BISON,4.589
202512,40,TERRY,3.866
202512,40,MAI,3.574
202512,40,ELENA,2.591
202512,40,C. VIPER,2.861
202512,41,RYU,5.706
202512,41,LUKE,4.603
202512,41,KIMBERLY,2.666
202512,41,CHUN-LI,2.386
202512,41,MANON,2.886
202512,41,ZANGIEF,2.653
202512,41,JP,5.098
202512,41,DHALSIM,1.878
202512,41,CAMMY,3.921
202512,41,KEN,5.201
202512,41,DEE JAY,4.052
202512,41,LILY,1.245
202512,41,A.K.I.,3.374
202512,41,RASHID,2.342
202512,41,BLANKA,2.661
202512,41,JURI,4.77
202512,41,MARISA,3.775
202512,41,GUILE,2.031
202512,41,ED,3.696
202512,41,E. HONDA,2.242
202512,41,JAMIE,3.507
202512,41,AKUMA,6.323
202512,41,SAGAT,6.067
202512,41,M. BISON,4.478
202512,41,TERRY,3.548
202512,41,MAI,3.323
202512,41,ELENA,2.841
202512,41,C. VIPER,2.729
202512,42,RYU,4.366
202512,42,LUKE,4.1
202512,42,KIMBERLY,3.52
202512,42,CHUN-LI,2.717
202512,42,MANON,2.671
202512,42,ZANGIEF,2.393
202512,42,JP,6.063
202512,42,DHALSIM,2.445
202512,42,CAMMY,3.829
202512,42,KEN,4.762
202512,42,DEE JAY,4.473
202512,42,LILY,1.909
202512,42,A.K.I.,3.106
202512,42,RASHID,2.616
202512,42,BLANKA,3.756
202512,42,JURI,4.163
202512,42,MARISA,4.055
202512,42,GUILE,2.146
202512,42,ED,3.495
202512,42,E. HONDA,2.788
202512,42,JAMIE,3.214
202512,42,AKUMA,4.831
202512,42,SAGAT,5.469
202512,42,M. BISON,4.526
202512,42,TERRY,3.119
202512,42,MAI,3.795
202512,42,ELENA,3.242
202512,42,C. VIPER,2.431
202601,36,RYU,9.943
202601,36,LUKE,3.962
202601,36,KIMBERLY,1.319
202601,36,CHUN-LI,2.009
202601,36,MANON,2.757
202601,36,ZANGIEF,4.63
202601,36,JP,3.677
202601,36,DHALSIM,0.769
202601,36,CAMMY,4.024
202601,36,KEN,5.87
202601,36,DEE JAY,2.502
202601,36,LILY,0.9
202601,36,A.K.I.,2.235
202601,36,RASHID,1.355
202601,36,BLANKA,1.388
202601,36,JURI,4.727
202601,36,MARISA,2.88
202601,36,GUILE,1.614
202601,36,ED,4.724
202601,36,E. HONDA,1.079
202601,36,JAMIE,4.769
202601,36,AKUMA,11.047
202601,36,SAGAT,6.054
202601,36,M. BISON,3.674
202601,36,TERRY,3.973
202601,36,MAI,4.017
202601,36,ELENA,1.955
202601,36,C. VIPER,2.148
202601,40,RYU,7.153
202601,40,LUKE,4.713
202601,40,KIMBERLY,2.232
202601,40,CHUN-LI,2.362
202601,40,MANON,2.744
202601,40,ZANGIEF,3.372
202601,40,JP,4.898
202601,40,DHALSIM,1.277
202601,40,CAMMY,3.89
202601,40,KEN,5.553
202601,40,DEE JAY,3.446
202601,40,LILY,1.087
202601,40,A.K.I.,2.73
202601,40,RASHID,1.946
202601,40,BLANKA,1.937
202601,40,JURI,4.676
202601,40,MARISA,3.134
202601,40,GUILE,1.735
202601,40,ED,3.891
202601,40,E. HONDA,1.669
202601,40,JAMIE,4.128
202601,40,AKUMA,7.412
202601,40,SAGAT,7.196
202601,40,M. BISON,4.389
202601,40,TERRY,3.9
202601,40,MAI,3.579
202601,40,ELENA,2.375
202601,40,C. VIPER,2.579
202601,41,RYU,6.042
202601,41,LUKE,4.638
202601,41,KIMBERLY,2.63
202601,41,CHUN-LI,2.393
202601,41,MANON,2.918
202601,41,ZANGIEF,2.876
202601,41,JP,5.227
202601,41,DHALSIM,1.708
202601,41,CAMMY,4.227
202601,41,KEN,5.121
202601,41,DEE JAY,3.887
202601,41,LILY,1.291
202601,41,A.K.I.,2.966
202601,41,RASHID,2.314
202601,41,BLANKA,2.398
202601,41,JURI,4.588
202601,41,MARISA,3.587
202601,41,GUILE,1.996
202601,41,ED,3.91
202601,41,E. HONDA,1.982
202601,41,JAMIE,3.814
202601,41,AKUMA,6.447
202601,41,SAGAT,6.522
202601,41,M. BISON,4.595
202601,41,TERRY,3.805
202601,41,MAI,3.203
202601,41,ELENA,2.374
202601,41,C. VIPER,2.54
202601,42,RYU,4.579
202601,42,LUKE,4.259
202601,42,KIMBERLY,3.57
202601,42,CHUN-LI,2.56
202601,42,MANON,2.783
202601,42,ZANGIEF,2.609
202601,42,JP,6.304
202601,42,DHALSIM,2.304
202601,42,CAMMY,3.65
202601,42,KEN,4.612
202601,42,DEE JAY,4.455
202601,42,LILY,1.891
202601,42,A.K.I.,3.233
202601,42,RASHID,2.677
202601,42,BLANKA,3.465
202601,42,JURI,4.469
202601,42,MARISA,4.187
202601,42,GUILE,2.002
202601,42,ED,3.757
202601,42,E. HONDA,2.432
202601,42,JAMIE,3.102
202601,42,AKUMA,5.033
202601,42,SAGAT,5.337
202601,42,M. BISON,4.474
202601,42,TERRY,3.363
202601,42,MAI,3.734
202601,42,ELENA,2.852
202601,42,C. VIPER,2.306
202602,36,RYU,9.595
202602,36,LUKE,4.428
202602,36,KIMBERLY,1.474
202602,36,CHUN-LI,2.023
202602,36,MANON,2.894
202602,36,ZANGIEF,4.442
202602,36,JP,3.929
202602,36,DHALSIM,0.828
202602,36,CAMMY,3.975
202602,36,KEN,5.812
202602,36,DEE JAY,2.651
202602,36,LILY,0.887
202602,36,A.K.I.,2.377
202602,36,RASHID,1.489
202602,36,BLANKA,1.396
202602,36,JURI,4.774
202602,36,MARISA,3.162
202602,36,GUILE,1.554
202602,36,ED,4.154
202602,36,E. HONDA,1.124
202602,36,JAMIE,4.715
202602,36,AKUMA,10.91
202602,36,SAGAT,5.425
202602,36,M. BISON,3.825
202602,36,TERRY,4.023
202602,36,MAI,3.91
202602,36,ELENA,1.974
202602,36,C. VIPER,2.251
202602,40,RYU,6.539
202602,40,LUKE,5.154
202602,40,KIMBERLY,2.782
202602,40,CHUN-LI,2.582
202602,40,MANON,2.881
202602,40,ZANGIEF,2.951
202602,40,JP,5.236
202602,40,DHALSIM,1.585
202602,40,CAMMY,3.921
202602,40,KEN,5.133
202602,40,DEE JAY,3.831
202602,40,LILY,1.18
202602,40,A.K.I.,3.08
202602,40,RASHID,2.256
202602,40,BLANKA,2.142
202602,40,JURI,4.625
202602,40,MARISA,3.592
202602,40,GUILE,1.889
202602,40,ED,3.621
202602,40,E. HONDA,1.941
202602,40,JAMIE,3.737
202602,40,AKUMA,6.609
202602,40,SAGAT,6.02
202602,40,M. BISON,4.433
202602,40,TERRY,3.758
202602,40,MAI,3.243
202602,40,ELENA,2.431
202602,40,C. VIPER,2.851
202602,41,RYU,5.326
202602,41,LUKE,4.611
202602,41,KIMBERLY,3.425
202602,41,CHUN-LI,2.672
202602,41,MANON,2.961
202602,41,ZANGIEF,2.653
202602,41,JP,5.706
202602,41,DHALSIM,2.241
202602,41,CAMMY,4.072
202602,41,KEN,4.51
202602,41,DEE JAY,4.209
202602,41,LILY,1.414
202602,41,A.K.I.,3.231
202602,41,RASHID,2.532
202602,41,BLANKA,2.921
202602,41,JURI,4.19
202602,41,MARISA,4.116
202602,41,GUILE,2.249
202602,41,ED,3.691
202602,41,E. HONDA,2.435
202602,41,JAMIE,3.291
202602,41,AKUMA,5.452
202602,41,SAGAT,5.369
202602,41,M. BISON,4.432
202602,41,TERRY,3.522
202602,41,MAI,3.096
202602,41,ELENA,2.717
202602,41,C. VIPER,2.956
202602,42,RYU,4.224
202602,42,LUKE,4.032
202602,42,KIMBERLY,3.878
202602,42,CHUN-LI,3.173
202602,42,MANON,2.544
202602,42,ZANGIEF,2.945
202602,42,JP,6.326
202602,42,DHALSIM,2.931
202602,42,CAMMY,4.145
202602,42,KEN,4.045
202602,42,DEE JAY,4.655
202602,42,LILY,1.973
202602,42,A.K.I.,2.662
202602,42,RASHID,2.8
202602,42,BLANKA,3.416
202602,42,JURI,3.891
202602,42,MARISA,3.853
202602,42,GUILE,2.151
202602,42,ED,3.465
202602,42,E. HONDA,2.952
202602,42,JAMIE,3.097
202602,42,AKUMA,4.367
202602,42,SAGAT,4.701
202602,42,M. BISON,4.499
202602,42,TERRY,3.587
202602,42,MAI,3.873
202602,42,ELENA,3.206
202602,42,C. VIPER,2.611
202603,36,RYU,8.472
202603,36,LUKE,4.393
202603,36,KIMBERLY,1.198
202603,36,CHUN-LI,1.784
202603,36,MANON,2.312
202603,36,ZANGIEF,4.197
202603,36,JP,3.687
202603,36,DHALSIM,0.748
202603,36,CAMMY,3.924
202603,36,KEN,5.912
202603,36,DEE JAY,2.347
202603,36,LILY,0.839
202603,36,A.K.I.,2.066
202603,36,RASHID,1.455
202603,36,BLANKA,1.2
202603,36,JURI,4.876
202603,36,MARISA,2.87
202603,36,GUILE,1.494
202603,36,ED,3.899
202603,36,E. HONDA,0.962
202603,36,JAMIE,4.905
202603,36,AKUMA,9.164
202603,36,SAGAT,4.532
202603,36,M. BISON,3.265
202603,36,TERRY,4.638
202603,36,MAI,3.842
202603,36,ELENA,2.01
202603,36,C. VIPER,2.244
202603,36,ALEX,6.764
202603,40,RYU,6.163
202603,40,LUKE,5.384
202603,40,KIMBERLY,2.155
202603,40,CHUN-LI,2.412
202603,40,MANON,2.188
202603,40,ZANGIEF,2.88
202603,40,JP,4.949
202603,40,DHALSIM,1.27
202603,40,CAMMY,3.921
202603,40,KEN,5.471
202603,40,DEE JAY,3.234
202603,40,LILY,1.007
202603,40,A.K.I.,2.757
202603,40,RASHID,2.103
202603,40,BLANKA,1.675
202603,40,JURI,4.89
202603,40,MARISA,3.289
202603,40,GUILE,1.774
202603,40,ED,3.352
202603,40,E. HONDA,1.635
202603,40,JAMIE,4.23
202603,40,AKUMA,5.767
202603,40,SAGAT,4.902
202603,40,M. BISON,3.655
202603,40,TERRY,4.303
202603,40,MAI,3.222
202603,40,ELENA,2.565
202603,40,C. VIPER,2.722
202603,40,ALEX,6.124
202603,41,RYU,4.889
202603,41,LUKE,5.52
202603,41,KIMBERLY,2.702
202603,41,CHUN-LI,2.353
202603,41,MANON,2.668
202603,41,ZANGIEF,2.574
202603,41,JP,5.155
202603,41,DHALSIM,1.752
202603,41,CAMMY,4.291
202603,41,KEN,5.092
202603,41,DEE JAY,3.978
202603,41,LILY,1.205
202603,41,A.K.I.,3.288
202603,41,RASHID,2.485
202603,41,BLANKA,2.094
202603,41,JURI,4.912
202603,41,MARISA,3.287
202603,41,GUILE,1.92
202603,41,ED,3.478
202603,41,E. HONDA,2.122
202603,41,JAMIE,3.712
202603,41,AKUMA,5.097
202603,41,SAGAT,4.767
202603,41,M. BISON,3.961
202603,41,TERRY,3.817
202603,41,MAI,2.879
202603,41,ELENA,2.426
202603,41,C. VIPER,2.764
202603,41,ALEX,4.81
202603,42,RYU,3.843
202603,42,LUKE,5.016
202603,42,KIMBERLY,3.273
202603,42,CHUN-LI,3.048
202603,42,MANON,2.634
202603,42,ZANGIEF,2.624
202603,42,JP,5.721
202603,42,DHALSIM,2.311
202603,42,CAMMY,4.454
202603,42,KEN,4.833
202603,42,DEE JAY,4.298
202603,42,LILY,1.935
202603,42,A.K.I.,3.039
202603,42,RASHID,2.777
202603,42,BLANKA,3.062
202603,42,JURI,4.487
202603,42,MARISA,3.772
202603,42,GUILE,2.079
202603,42,ED,2.976
202603,42,E. HONDA,2.615
202603,42,JAMIE,3.346
202603,42,AKUMA,3.751
202603,42,SAGAT,4.226
202603,42,M. BISON,3.738
202603,42,TERRY,3.678
202603,42,MAI,3.275
202603,42,ELENA,3.033
202603,42,C. VIPER,2.794
202603,42,ALEX,3.362
202604,36,RYU,8.147
202604,36,LUKE,3.794
202604,36,KIMBERLY,1.133
202604,36,CHUN-LI,1.741
202604,36,MANON,1.994
202604,36,ZANGIEF,3.901
202604,36,JP,3.395
202604,36,DHALSIM,0.737
202604,36,CAMMY,3.829
202604,36,KEN,5.649
202604,36,DEE JAY,2.081
202604,36,LILY,0.791
202604,36,A.K.I.,2.079
202604,36,RASHID,1.397
202604,36,BLANKA,1.084
202604,36,JURI,4.822
202604,36,MARISA,2.422
202604,36,GUILE,1.489
202604,36,ED,3.688
202604,36,E. HONDA,0.942
202604,36,JAMIE,4.637
202604,36,AKUMA,7.445
202604,36,SAGAT,5.245
202604,36,M. BISON,3.46
202604,36,TERRY,4.942
202604,36,MAI,3.862
202604,36,ELENA,2.036
202604,36,C. VIPER,2.194
202604,36,ALEX,11.064
202604,40,RYU,6.013
202604,40,LUKE,4.644
202604,40,KIMBERLY,2.094
202604,40,CHUN-LI,2.335
202604,40,MANON,2.14
202604,40,ZANGIEF,2.779
202604,40,JP,4.463
202604,40,DHALSIM,1.198
202604,40,CAMMY,3.661
202604,40,KEN,5.535
202604,40,DEE JAY,2.944
202604,40,LILY,0.936
202604,40,A.K.I.,2.66
202604,40,RASHID,1.999
202604,40,BLANKA,1.514
202604,40,JURI,4.863
202604,40,MARISA,2.805
202604,40,GUILE,1.678
202604,40,ED,3.031
202604,40,E. HONDA,1.474
202604,40,JAMIE,4.132
202604,40,AKUMA,4.92
202604,40,SAGAT,5.685
202604,40,M. BISON,3.865
202604,40,TERRY,4.606
202604,40,MAI,3.36
202604,40,ELENA,2.589
202604,40,C. VIPER,2.856
202604,40,ALEX,9.22
202604,41,RYU,5.249
202604,41,LUKE,4.933
202604,41,KIMBERLY,2.566
202604,41,CHUN-LI,2.439
202604,41,MANON,2.306
202604,41,ZANGIEF,2.411
202604,41,JP,4.888
202604,41,DHALSIM,1.593
202604,41,CAMMY,3.972
202604,41,KEN,5.06
202604,41,DEE JAY,3.439
202604,41,LILY,1.107
202604,41,A.K.I.,2.932
202604,41,RASHID,2.375
202604,41,BLANKA,1.814
202604,41,JURI,4.851
202604,41,MARISA,3.059
202604,41,GUILE,2.112
202604,41,ED,2.985
202604,41,E. HONDA,1.984
202604,41,JAMIE,3.698
202604,41,AKUMA,4.5
202604,41,SAGAT,5.333
202604,41,M. BISON,3.726
202604,41,TERRY,4.093
202604,41,MAI,2.882
202604,41,ELENA,2.766
202604,41,C. VIPER,2.929
202604,41,ALEX,8
202604,42,RYU,3.7
202604,42,LUKE,4.525
202604,42,KIMBERLY,3.298
202604,42,CHUN-LI,2.676
202604,42,MANON,2.593
202604,42,ZANGIEF,2.619
202604,42,JP,5.361
202604,42,DHALSIM,2.357
202604,42,CAMMY,3.994
202604,42,KEN,4.527
202604,42,DEE JAY,4.048
202604,42,LILY,1.723
202604,42,A.K.I.,3.122
202604,42,RASHID,2.774
202604,42,BLANKA,3.19
202604,42,JURI,4.327
202604,42,MARISA,3.379
202604,42,GUILE,2.191
202604,42,ED,3.03
202604,42,E. HONDA,2.374
202604,42,JAMIE,3.406
202604,42,AKUMA,3.347
202604,42,SAGAT,4.743
202604,42,M. BISON,4.225
202604,42,TERRY,4.258
202604,42,MAI,3.265
202604,42,ELENA,2.979
202604,42,C. VIPER,2.912
202604,42,ALEX,5.057
202605,36,RYU,8.632
202605,36,LUKE,3.528
202605,36,KIMBERLY,1.262
202605,36,CHUN-LI,1.752
202605,36,MANON,2.163
202605,36,ZANGIEF,4.191
202605,36,JP,3.788
202605,36,DHALSIM,0.802
202605,36,CAMMY,4.086
202605,36,KEN,5.639
202605,36,DEE JAY,2.17
202605,36,LILY,0.79
202605,36,A.K.I.,2.392
202605,36,RASHID,1.42
202605,36,BLANKA,1.219
202605,36,JURI,4.83
202605,36,MARISA,2.591
202605,36,GUILE,1.526
202605,36,ED,3.448
202605,36,E. HONDA,1.081
202605,36,JAMIE,4.347
202605,36,AKUMA,9.235
202605,36,SAGAT,4.842
202605,36,M. BISON,3.599
202605,36,TERRY,4.444
202605,36,MAI,4.382
202605,36,ELENA,2.022
202605,36,C. VIPER,2.04
202605,36,ALEX,6.254
202605,36,INGRID,1.524
202605,40,RYU,5.889
202605,40,LUKE,4.304
202605,40,KIMBERLY,2.595
202605,40,CHUN-LI,2.298
202605,40,MANON,2.33
202605,40,ZANGIEF,2.87
202605,40,JP,5.116
202605,40,DHALSIM,1.534
202605,40,CAMMY,4.04
202605,40,KEN,4.95
202605,40,DEE JAY,3.148
202605,40,LILY,1.033
202605,40,A.K.I.,3.277
202605,40,RASHID,2.112
202605,40,BLANKA,1.899
202605,40,JURI,4.76
202605,40,MARISA,3.214
202605,40,GUILE,1.99
202605,40,ED,2.94
202605,40,E. HONDA,1.803
202605,40,JAMIE,3.67
202605,40,AKUMA,5.965
202605,40,SAGAT,4.814
202605,40,M. BISON,4.229
202605,40,TERRY,3.745
202605,40,MAI,3.44
202605,40,ELENA,2.484
202605,40,C. VIPER,2.793
202605,40,ALEX,4.941
202605,40,INGRID,1.819
202605,41,RYU,4.555
202605,41,LUKE,4.164
202605,41,KIMBERLY,3.238
202605,41,CHUN-LI,2.323
202605,41,MANON,2.663
202605,41,ZANGIEF,2.602
202605,41,JP,5.355
202605,41,DHALSIM,1.986
202605,41,CAMMY,4.261
202605,41,KEN,4.567
202605,41,DEE JAY,3.494
202605,41,LILY,1.19
202605,41,A.K.I.,3.516
202605,41,RASHID,2.519
202605,41,BLANKA,2.584
202605,41,JURI,4.547
202605,41,MARISA,3.464
202605,41,GUILE,2.172
202605,41,ED,3.013
202605,41,E. HONDA,2.428
202605,41,JAMIE,3.462
202605,41,AKUMA,5.064
202605,41,SAGAT,4.143
202605,41,M. BISON,4.248
202605,41,TERRY,3.376
202605,41,MAI,3.18
202605,41,ELENA,2.606
202605,41,C. VIPER,3.152
202605,41,ALEX,4.353
202605,41,INGRID,1.777
202605,42,RYU,3.864
202605,42,LUKE,3.684
202605,42,KIMBERLY,3.554
202605,42,CHUN-LI,2.517
202605,42,MANON,2.169
202605,42,ZANGIEF,2.833
202605,42,JP,5.486
202605,42,DHALSIM,2.606
202605,42,CAMMY,4.314
202605,42,KEN,3.936
202605,42,DEE JAY,4.551
202605,42,LILY,1.952
202605,42,A.K.I.,2.98
202605,42,RASHID,2.926
202605,42,BLANKA,2.978
202605,42,JURI,3.727
202605,42,MARISA,3.83
202605,42,GUILE,2.515
202605,42,ED,2.51
202605,42,E. HONDA,2.397
202605,42,JAMIE,3.535
202605,42,AKUMA,4.203
202605,42,SAGAT,3.776
202605,42,M. BISON,4.386
202605,42,TERRY,3.599
202605,42,MAI,3.749
202605,42,ELENA,2.931
202605,42,C. VIPER,3.008
202605,42,ALEX,3.708
202605,42,INGRID,1.774
